Reader Level 3: Academic & Complex Language,,,
Vocabulary (Tiers 1–10),,,
Tier,Entry #,Content,Word Count
Tier 1,1,Extract,1
Tier 1,2,Status,1
Tier 1,3,Concept,1
Tier 1,4,Format,1
Tier 1,5,Logic,1
Tier 1,6,Data,1
Tier 1,7,Factor,1
Tier 1,8,Ethics,1
Tier 1,9,Theory,1
Tier 1,10,Method,1
Tier 2,1,Derive,1
Tier 2,2,Validate,1
Tier 2,3,Sequence,1
Tier 2,4,Scalar,1
Tier 2,5,Entropy,1
Tier 2,6,Kinetic,1
Tier 2,7,Static,1
Tier 2,8,Pattern,1
Tier 2,9,Thesis,1
Tier 2,10,Variable,1
Tier 3,1,Protocol,1
Tier 3,2,Specimen,1
Tier 3,3,Mechanism,1
Tier 3,4,Diffusion,1
Tier 3,5,Aggregate,1
Tier 3,6,Objective,1
Tier 3,7,Synthesis,1
Tier 3,8,Rational,1
Tier 3,9,Evidence,1
Tier 3,10,Criteria,1
Tier 4,1,Analysis,1
Tier 4,2,Statistics,1
Tier 4,3,Framework,1
Tier 4,4,Gradient,1
Tier 4,5,Momentum,1
Tier 4,6,Dialectic,1
Tier 4,7,Paradox,1
Tier 4,8,Inference,1
Tier 4,9,Document,1
Tier 4,10,Procedure,1
Tier 5,1,Correlation,1
Tier 5,2,Feasibility,1
Tier 5,3,Hypothesis,1
Tier 5,4,Methodology,1
Tier 5,5,Qualitative,1
Tier 5,6,Quantitative,1
Tier 5,7,Simulation,1
Tier 5,8,Validity,1
Tier 5,9,Equilibrium,1
Tier 5,10,Orientation,1
Tier 6,1,Coefficient,1
Tier 6,2,Fluctuates,1
Tier 6,3,Epistemology,1
Tier 6,4,Allocation,1
Tier 6,5,Commodity,1
Tier 6,6,Liability,1
Tier 6,7,Macroeconomics,1
Tier 6,8,Monopoly,1
Tier 6,9,Solvency,1
Tier 6,10,Anatomy,1
Tier 7,1,Sustainability,1
Tier 7,2,Categorical,1
Tier 7,3,Interpretative,1
Tier 7,4,Systematic,1
Tier 7,5,Reliability,1
Tier 7,6,Probability,1
Tier 7,7,Variability,1
Tier 7,8,Versatility,1
Tier 7,9,Authenticity,1
Tier 7,10,Functionality,1
Tier 8,1,Biodiversities,1
Tier 8,2,Generalization,1
Tier 8,3,Standardization,1
Tier 8,4,Differentiation,1
Tier 8,5,Normalization,1
Tier 8,6,Specification,1
Tier 8,7,Conceptualize,1
Tier 8,8,Implementation,1
Tier 8,9,Documentation,1
Tier 8,10,Communication,1
Tier 9,1,Biocompatibility,1
Tier 9,2,Characterization,1
Tier 9,3,Experimentation,1
Tier 9,4,Institutionalize,1
Tier 9,5,Interdisciplinary,1
Tier 9,6,Materialization,1
Tier 9,7,Periodization,1
Tier 9,8,Radicalization,1
Tier 9,9,Sensitization,1
Tier 9,10,Universality,1
Tier 10,1,Compartmentalization,1
Tier 10,2,De-contextualization,1
Tier 10,3,Industrialization,1
Tier 10,4,Internationalization,1
Tier 10,5,Over-simplification,1
Tier 10,6,Particularization,1
Tier 10,7,Personification,1
Tier 10,8,Professionalization,1
Tier 10,9,Revolutionization,1
Tier 10,10,Systematization,1
,,,
Sentences (Tiers 11–20),,,
Tier,Entry #,Content,Word Count
Tier 11,1,The lead researcher formulated a clear hypothesis to investigate the error.,11
Tier 11,2,You must strictly adhere to the established procedure for laboratory safety.,11
Tier 11,3,A thorough analysis of the data revealed significant trends in growth.,11
Tier 11,4,The engineering team will perform a final validation check before release.,11
Tier 11,5,Our theoretical framework provides a logical basis for understanding complex systems.,11
Tier 11,6,It is vital to isolate every independent variable to maintain measurement accuracy.,12
Tier 11,7,The final document represents a synthesis of diverse perspectives from experts.,11
Tier 11,8,The technician adjusted the system parameter to optimize the processing unit's speed.,12
Tier 11,9,Maintaining data integrity is the primary responsibility of every research scientist.,11
Tier 11,10,The mathematical derivation proved that the initial assumptions were entirely correct today.,12
Tier 12,1,The geologist identified a rare specimen buried deep within the earth's rocky layers.,13
Tier 12,2,This complex mechanism controls the flow of thermal energy through the system.,12
Tier 12,3,We mapped the spatial distribution of the population to identify density areas.,12
Tier 12,4,The sequence of events led to a significant increase in kinetic energy.,12
Tier 12,5,An aggregate sum of the findings was calculated after the testing phase.,12
Tier 12,6,Diffusion of the liquid through the membrane occurred at a steady rate.,12
Tier 12,7,High levels of entropy indicate a lack of organization within a system.,12
Tier 12,8,The new protocol requires us to extract data from multiple independent sources.,12
Tier 12,9,We must analyze the specimen under a microscope to identify its unique structure.,13
Tier 12,10,The catalyst triggered a chemical reaction that changed the properties of substance.,12
Tier 13,1,Our research methodology relies on both qualitative interviews and quantitative surveys for results.,13
Tier 13,2,The primary criterion for success is the ability to maintain a stable environment.,13
Tier 13,3,There is a strong correlation between student engagement and high academic performance levels.,13
Tier 13,4,Any deviation from the original plan must be documented and explained in report.,13
Tier 13,5,The magnitude of the earthquake was measured using a highly sensitive seismic instrument.,13
Tier 13,6,A large proportion of the budget was allocated to the development of technology.,13
Tier 13,7,Qualitative research provides deep insights into the motivations and behaviors of the group.,13
Tier 13,8,Quantitative analysis allows us to measure the impact of the policy on scales.,13
Tier 13,9,The computer simulation predicted that the bridge would withstand the forces of wind.,13
Tier 13,10,A scientific theory must be supported by a vast amount of evidence today.,13
